Decopler Box,HV Board,HV CH,Flange,Flange Hole,Flange ID,ADC Board Order,ADC Board,ADC CH,PMT,HV,Position,Coating,X,Y,Z,ADCtoPE,Threshold,ADCtoPE2,HV On,SPE rate(kHz),"Type (1‚Äù,2uncoat,3coat)",Cable#,Swage,Column,Row,Hvrec,Hvmatch,Key,PMT Type,Avg SPE value
4,4,0,F1,R1,F1R1,5,5,11,FB0792,1673,C401R0,0,-999.0,-999.0,-999.0,-999.0,-999.0,-999.0,1,-999.0,3,2,2,401,0,1600.0,1673,74.0,-999.0,19.306
4,4,36,F1,R1,F1R1,5,5,14,FB0791,1602,C210R0,0,-999.0,-999.0,-999.0,-999.0,-999.0,-999.0,1,-999.0,3,4,4,210,0,1600.0,1602,77.0,-999.0,31.584
4,4,24,F1,R1,F1R1,5,5,13,FB0790,1639,C201R0,0,-999.0,-999.0,-999.0,-999.0,-999.0,-999.0,1,-999.0,3,5,5,201,0,1600.0,1639,76.0,-999.0,24.426
4,4,37,F1,R1,F1R1,5,5,15,FB0793,1612,C315R0,0,-999.0,-999.0,-999.0,-999.0,-999.0,-999.0,1,-999.0,3,7,7,315,0,1600.0,1612,78.0,-999.0,29.518
4,4,12,F1,R1,F1R1,5,5,12,FB0787,1700,C301R0,uncoated ,-999.0,-999.0,-999.0,-999.0,-999.0,-999.0,1,-999.0,2,8,8,301,0,1600.0,1700,75.0,-999.0,4.754
2,2,39,F1,Y2,F1Y2,5,5,9,FB0789,1678,C314R0,0,-999.0,-999.0,-999.0,-999.0,-999.0,-999.0,1,-999.0,3,10,1,314,0,1600.0,1678,72.0,-999.0,18.618
2,2,3,F1,Y2,F1Y2,5,5,2,FB0797,1668,C313R0,0,-999.0,-999.0,-999.0,-999.0,-999.0,-999.0,1,-999.0,3,12,3,313,0,1600.0,1668,65.0,-999.0,20.002
2,2,27,F1,Y2,F1Y2,5,5,7,FB0788,1640,C209R0,0,-999.0,-999.0,-999.0,-999.0,-999.0,-999.0,1,-999.0,3,13,4,209,0,1600.0,1640,70.0,-999.0,24.2
2,2,16,F1,Y2,F1Y2,5,5,5,FB0728,1604,C417R0,0,-999.0,-999.0,-999.0,-999.0,-999.0,-999.0,1,-999.0,3,14,5,417,0,1600.0,1604,68.0,-999.0,31.158
2,2,26,F1,Y2,F1Y2,5,5,6,FB0827,1582,C104R0,0,-999.0,-999.0,-999.0,-999.0,-999.0,-999.0,1,-999.0,3,15,6,104,0,1600.0,1582,69.0,-999.0,36.31
2,2,28,F1,Y2,F1Y2,5,5,8,FB0692,1605,C312R0,0,-999.0,-999.0,-999.0,-999.0,-999.0,-999.0,1,-999.0,3,16,7,312,0,1600.0,1605,71.0,-999.0,31.006
2,2,14,F1,Y2,F1Y2,5,5,3,FB0707,1609,C207R0,0,-999.0,-999.0,-999.0,-999.0,-999.0,-999.0,1,-999.0,3,17,8,207,0,1600.0,1609,66.0,-999.0,30.054
2,2,2,F1,Y2,F1Y2,5,5,1,FB0778,1700,C208R0,uncoated,-999.0,-999.0,-999.0,-999.0,-999.0,-999.0,1,-999.0,2,18,9,208,0,1600.0,1700,64.0,-999.0,6.148
2,2,15,F1,Y2,F1Y2,5,5,4,FB0785,1651,C415R0,0,-999.0,-999.0,-999.0,-999.0,-999.0,-999.0,1,-999.0,3,19,10,415,0,1600.0,1651,67.0,-999.0,22.432
2,2,40,F1,Y2,F1Y2,5,5,10,FB0698,1615,C311R0,0,-999.0,-999.0,-999.0,-999.0,-999.0,-999.0,1,-999.0,3,20,11,311,0,1600.0,1615,73.0,-999.0,28.852
4,4,20,F1,Y2,F1Y2,12,12,10,FB0795,1610,C2R3,0,-999.0,-999.0,-999.0,-999.0,-999.0,-999.0,1,-999.0,3,41,12,2,3,1600.0,1610,185.0,-999.0,29.896
4,4,19,F1,Y2,F1Y2,12,12,9,FB0830,1610,C2R4,0,-999.0,-999.0,-999.0,-999.0,-999.0,-999.0,1,-999.0,3,42,13,2,4,1600.0,1610,184.0,-999.0,29.908
4,4,45,F1,Y2,F1Y2,14,14,2,FB0836,1693,C2R2,0,-999.0,-999.0,-999.0,-999.0,-999.0,-999.0,1,-999.0,3,43,14,2,2,1600.0,1693,209.0,-999.0,16.852
4,4,7,F1,Y2,F1Y2,11,11,13,FB0852,1642,C2R5,0,-999.0,-999.0,-999.0,-999.0,-999.0,-999.0,1,-999.0,3,44,15,2,5,1600.0,1642,172.0,-999.0,23.856
4,4,32,F1,G3,F1G3,13,13,6,FB0786,1655,C2R1,0,-999.0,-999.0,-999.0,-999.0,-999.0,-999.0,1,-999.0,3,45,5,2,1,1600.0,1655,197.0,-999.0,21.816
4,4,43,F1,G3,F1G3,13,13,15,FB0832,1700,C1R3,0,-999.0,-999.0,-999.0,-999.0,-999.0,-999.0,1,-999.0,3,46,2,1,3,1600.0,1700,206.0,-999.0,17.25
4,4,31,F1,G3,F1G3,13,13,5,FB0838,1630,C1R4,0,-999.0,-999.0,-999.0,-999.0,-999.0,-999.0,1,-999.0,3,47,3,1,4,1600.0,1630,196.0,-999.0,26.082
4,4,8,F1,G3,F1G3,11,11,14,FB0834,1700,C1R5,0,-999.0,-999.0,-999.0,-999.0,-999.0,-999.0,1,-999.0,3,48,4,1,5,1600.0,1700,173.0,-999.0,39.868
4,4,33,F1,G3,F1G3,13,13,7,FB0837,1700,C1R1,0,-999.0,-999.0,-999.0,-999.0,-999.0,-999.0,1,-999.0,3,49,1,1,1,1600.0,1700,198.0,-999.0,13.848
4,4,44,F1,G3,F1G3,14,14,1,FB0687,1700,C1R2,0,-999.0,-999.0,-999.0,-999.0,-999.0,-999.0,1,-999.0,3,50,6,1,2,1600.0,1700,208.0,-999.0,1.53
4,4,40,F2,R1,F2R1,13,13,12,FB0777,1591,C3R3,0,-999.0,-999.0,-999.0,-999.0,-999.0,-999.0,1,-999.0,3,51,1,3,3,1600.0,1591,203.0,-999.0,34.048
4,4,39,F2,R1,F2R1,13,13,11,FB0695,1615,C3R5,0,-999.0,-999.0,-999.0,-999.0,-999.0,-999.0,1,-999.0,3,52,2,3,5,1600.0,1615,202.0,-999.0,28.762
4,4,42,F2,R1,F2R1,13,13,14,FB0775,1700,C3R1,0,-999.0,-999.0,-999.0,-999.0,-999.0,-999.0,1,-999.0,3,53,3,3,1,1600.0,1700,205.0,-999.0,1.558
4,4,4,F2,R1,F2R1,11,11,10,FB0846,1684,C3R4,0,-999.0,-999.0,-999.0,-999.0,-999.0,-999.0,1,-999.0,3,54,4,3,4,1600.0,1684,169.0,-999.0,17.882
4,4,41,F2,R1,F2R1,13,13,13,FB0803,1658,C3R2,uncoated ,-999.0,-999.0,-999.0,-999.0,-999.0,-999.0,1,-999.0,2,55,5,3,2,1600.0,1658,204.0,-999.0,21.402
4,4,17,F2,R1,F2R1,12,12,7,FB0680,1608,C5R2,0,-999.0,-999.0,-999.0,-999.0,-999.0,-999.0,1,-999.0,3,56,6,5,2,1600.0,1608,182.0,-999.0,30.228
4,4,28,F2,R1,F2R1,13,13,2,FB0709,1505,C5R5,0,-999.0,-999.0,-999.0,-999.0,-999.0,-999.0,1,-999.0,3,57,7,5,5,1600.0,1505,193.0,-999.0,61.688
4,4,30,F2,R1,F2R1,13,13,4,FB0851,1703,C5R1,uncoated ,-999.0,-999.0,-999.0,-999.0,-999.0,-999.0,1,-999.0,2,58,8,5,1,1600.0,1703,195.0,-999.0,15.65
4,4,16,F2,R1,F2R1,12,12,6,FB0727,1718,C5R4,0,-999.0,-999.0,-999.0,-999.0,-999.0,-999.0,1,-999.0,3,59,9,5,4,1600.0,1718,181.0,-999.0,14.132
4,4,29,F2,Y2,F2Y2,13,13,3,FB0712,1652,C5R3,0,-999.0,-999.0,-999.0,-999.0,-999.0,-999.0,1,-999.0,3,60,1,5,3,1600.0,1652,194.0,-999.0,22.322
4,4,3,F2,Y2,F2Y2,11,11,9,FB0696,1576,C24R5,0,-999.0,-999.0,-999.0,-999.0,-999.0,-999.0,1,-999.0,3,61,2,24,5,1600.0,1576,168.0,-999.0,37.84
4,4,13,F2,Y2,F2Y2,12,12,3,FB0674,1660,C24R2,0,-999.0,-999.0,-999.0,-999.0,-999.0,-999.0,1,-999.0,3,62,3,24,2,1600.0,1660,178.0,-999.0,21.146
4,4,38,F2,Y2,F2Y2,13,13,10,FB0853,1671,C24R4,uncoated,-999.0,-999.0,-999.0,-999.0,-999.0,-999.0,1,-999.0,2,63,4,24,4,1600.0,1671,201.0,-999.0,19.594
4,4,25,F2,Y2,F2Y2,12,12,14,FB0731,1709,C24R1,0,-999.0,-999.0,-999.0,-999.0,-999.0,-999.0,1,-999.0,3,64,5,24,1,1600.0,1709,189.0,-999.0,15.062
4,4,2,F2,Y2,F2Y2,11,11,8,FB0705,1700,C24R3,0,-999.0,-999.0,-999.0,-999.0,-999.0,-999.0,1,-999.0,3,65,6,24,3,1600.0,1700,167.0,-999.0,-53.034
4,4,15,F2,Y2,F2Y2,12,12,5,FB0772,1700,C23R4,0,-999.0,-999.0,-999.0,-999.0,-999.0,-999.0,1,-999.0,3,66,7,23,4,1600.0,1700,180.0,-999.0,-3.9
4,4,26,F2,Y2,F2Y2,12,12,15,FB0773,1700,C23R3,0,-999.0,-999.0,-999.0,-999.0,-999.0,-999.0,1,-999.0,3,67,8,23,3,1600.0,1700,190.0,-999.0,7.842
4,4,1,F2,Y2,F2Y2,11,11,7,FB0768,1700,C23R1,uncoated,-999.0,-999.0,-999.0,-999.0,-999.0,-999.0,1,-999.0,2,68,9,23,1,1600.0,1700,166.0,-999.0,2.912
4,4,14,F2,Y2,F2Y2,12,12,4,FB0855,1636,C23R2,0,-999.0,-999.0,-999.0,-999.0,-999.0,-999.0,1,-999.0,3,69,10,23,2,1600.0,1636,179.0,-999.0,24.912
4,4,27,F2,Y2,F2Y2,13,13,1,FB0845,1700,C23R5,0,-999.0,-999.0,-999.0,-999.0,-999.0,-999.0,1,-999.0,3,70,11,23,5,1600.0,1700,192.0,-999.0,7.144
3,3,42,F2,Y2,F2Y2,10,10,15,FB0713,1720,C4C5,0,-999.0,-999.0,-999.0,-999.0,-999.0,-999.0,1,-999.0,3,71,12,4,5,1600.0,1720,158.0,-999.0,13.916
3,3,30,F2,Y2,F2Y2,10,10,3,FB0681,1637,C4R3,0,-999.0,-999.0,-999.0,-999.0,-999.0,-999.0,1,-999.0,3,72,13,4,3,1600.0,1637,146.0,-999.0,24.828
3,3,17,F2,Y2,F2Y2,9,9,3,FB0798,1499,C4R4,0,-999.0,-999.0,-999.0,-999.0,-999.0,-999.0,1,-999.0,3,73,14,4,4,1600.0,1499,130.0,-999.0,64.332
3,3,18,F2,Y2,F2Y2,9,9,4,FB0774,1666,C4R2,0,-999.0,-999.0,-999.0,-999.0,-999.0,-999.0,1,-999.0,3,74,15,4,2,1600.0,1666,131.0,-999.0,20.3164
3,3,6,F2,G3,F2G3,8,8,7,FB0771,1648,C4R1,0,-999.0,-999.0,-999.0,-999.0,-999.0,-999.0,1,-999.0,3,75,1,4,1,1600.0,1648,118.0,-999.0,22.966
3,3,29,F2,G3,F2G3,10,10,2,FB0766,1434,C8R1,0,-999.0,-999.0,-999.0,-999.0,-999.0,-999.0,1,-999.0,3,76,2,8,1,1600.0,1434,145.0,-999.0,101.412
4,4,18,F2,G3,F2G3,12,12,8,FB0729,1719,C8R5,0,-999.0,-999.0,-999.0,-999.0,-999.0,-999.0,1,-999.0,3,77,3,8,5,1600.0,1719,183.0,-999.0,14.054
4,4,5,F2,G3,F2G3,11,11,11,FB0807,1674,C8R4,0,-999.0,-999.0,-999.0,-999.0,-999.0,-999.0,1,-999.0,3,78,4,8,4,1600.0,1674,170.0,-999.0,19.196
4,4,6,F2,G3,F2G3,11,11,12,FB0676,1556,C8R3,0,-999.0,-999.0,-999.0,-999.0,-999.0,-999.0,1,-999.0,3,79,5,8,3,1600.0,1556,171.0,-999.0,43.514
3,3,41,F2,G3,F2G3,10,10,14,FB0679,1439,C8R2,0,-999.0,-999.0,-999.0,-999.0,-999.0,-999.0,1,-999.0,3,80,6,8,2,1600.0,1439,157.0,-999.0,97.568
4,4,34,F2,G3,F2G3,13,13,8,FB0724,1578,C10R1,0,-999.0,-999.0,-999.0,-999.0,-999.0,-999.0,1,-999.0,3,81,7,10,1,1600.0,1578,199.0,-999.0,37.224
4,4,11,F2,G3,F2G3,12,12,2,FB0673,1649,C9R4,0,-999.0,-999.0,-999.0,-999.0,-999.0,-999.0,1,-999.0,3,82,8,9,4,1600.0,1649,177.0,-999.0,22.81
4,4,46,F2,G3,F2G3,14,14,3,FB0677,1645,C9R5,0,-999.0,-999.0,-999.0,-999.0,-999.0,-999.0,1,-999.0,3,83,9,9,5,1600.0,1645,210.0,-999.0,23.392
4,4,35,F2,G3,F2G3,13,13,9,FB0678,1729,C9R2,0,-999.0,-999.0,-999.0,-999.0,-999.0,-999.0,1,-999.0,3,84,10,9,2,1600.0,1729,200.0,-999.0,13.122
4,4,10,F2,G3,F2G3,12,12,1,FB0808,1700,C10R3,0,-999.0,-999.0,-999.0,-999.0,-999.0,-999.0,1,-999.0,3,85,11,10,3,1600.0,1700,176.0,-999.0,0.026
4,4,22,F2,G3,F2G3,12,12,12,FB0813,1550,C10R2,0,-999.0,-999.0,-999.0,-999.0,-999.0,-999.0,1,-999.0,3,86,12,10,2,1600.0,1550,187.0,-999.0,45.262
4,4,9,F2,G3,F2G3,11,11,15,FB0802,1545,C10R5,0,-999.0,-999.0,-999.0,-999.0,-999.0,-999.0,1,-999.0,3,87,13,10,5,1600.0,1545,174.0,-999.0,46.716
4,4,47,F2,G3,F2G3,14,14,4,FB0675,1685,C9R3,0,-999.0,-999.0,-999.0,-999.0,-999.0,-999.0,1,-999.0,3,88,14,9,3,1600.0,1685,211.0,-999.0,17.734
4,4,23,F2,G3,F2G3,12,12,13,FB0804,1452,C9R1,0,-999.0,-999.0,-999.0,-999.0,-999.0,-999.0,1,-999.0,3,89,15,9,1,1600.0,1452,188.0,-999.0,88.958
4,4,21,F2,G3,F2G3,12,12,11,FB0815,1634,C10R4,0,-999.0,-999.0,-999.0,-999.0,-999.0,-999.0,1,-999.0,3,90,16,10,4,1600.0,1634,186.0,-999.0,25.31
2,2,6,F3,Y2,F3Y2,6,6,3,FB0840,1633,C11R1,0,-999.0,-999.0,-999.0,-999.0,-999.0,-999.0,1,-999.0,3,91,12,11,1,1600.0,1633,82.0,-999.0,25.526
2,2,42,F3,Y2,F3Y2,7,7,9,FB0809,1581,C11R3,0,-999.0,-999.0,-999.0,-999.0,-999.0,-999.0,1,-999.0,3,92,13,11,3,1600.0,1581,104.0,-999.0,36.478
2,2,17,F3,Y2,F3Y2,6,6,9,FB0799,1648,C11R2,uncoated ,-999.0,-999.0,-999.0,-999.0,-999.0,-999.0,1,-999.0,2,93,14,11,2,1600.0,1648,88.0,-999.0,22.952
3,3,5,F3,Y2,F3Y2,8,8,6,FB0776,1526,C11R4,0,-999.0,-999.0,-999.0,-999.0,-999.0,-999.0,1,-999.0,3,94,15,11,4,1600.0,1526,117.0,-999.0,53.628
2,2,5,F3,G3,F3G3,6,6,2,FB0844,1654,C11R5,0,-999.0,-999.0,-999.0,-999.0,-999.0,-999.0,1,-999.0,3,95,1,11,5,1600.0,1654,81.0,-999.0,21.944
2,2,4,F3,G3,F3G3,6,6,1,FB0812,1700,C13R5,0,-999.0,-999.0,-999.0,-999.0,-999.0,-999.0,1,-999.0,3,96,2,13,5,1600.0,1700,80.0,-999.0,9.534
2,2,30,F3,G3,F3G3,7,7,2,FB0841,1607,C12R1,0,-999.0,-999.0,-999.0,-999.0,-999.0,-999.0,1,-999.0,3,97,3,12,1,1600.0,1607,97.0,-999.0,30.548
2,2,41,F3,G3,F3G3,7,7,8,FB0842,1557,C12R3,0,-999.0,-999.0,-999.0,-999.0,-999.0,-999.0,1,-999.0,3,98,4,12,3,1600.0,1557,103.0,-999.0,43.234
2,2,29,F3,G3,F3G3,7,7,1,FB0849,1700,C12R2,0,-999.0,-999.0,-999.0,-999.0,-999.0,-999.0,1,-999.0,3,99,5,12,2,1600.0,1700,96.0,-999.0,3.842
2,2,18,F3,G3,F3G3,6,6,10,FB0800,1709,C13R1,0,-999.0,-999.0,-999.0,-999.0,-999.0,-999.0,1,-999.0,3,100,6,13,1,1600.0,1709,89.0,-999.0,15.02
3,3,16,F3,G3,F3G3,9,9,2,FB0848,1699,C13R2,0,-999.0,-999.0,-999.0,-999.0,-999.0,-999.0,1,-999.0,3,101,7,13,2,1600.0,1699,129.0,-999.0,16.134
3,3,2,F3,G3,F3G3,8,8,3,FB0847,1582,C13R4,0,-999.0,-999.0,-999.0,-999.0,-999.0,-999.0,1,-999.0,3,102,8,13,4,1600.0,1582,114.0,-999.0,36.212
3,3,27,F3,G3,F3G3,9,9,15,FB0769,1748,C12R5,0,-999.0,-999.0,-999.0,-999.0,-999.0,-999.0,1,-999.0,3,103,9,12,5,1600.0,1748,142.0,-999.0,11.474
3,3,15,F3,G3,F3G3,9,9,1,FB0805,1700,C12R4,0,-999.0,-999.0,-999.0,-999.0,-999.0,-999.0,1,-999.0,3,104,10,12,4,1600.0,1700,128.0,-999.0,-2.884
3,3,4,F3,G3,F3G3,8,8,5,FB0843,1649,C13R3,0,-999.0,-999.0,-999.0,-999.0,-999.0,-999.0,1,-999.0,3,105,11,13,3,1600.0,1649,116.0,-999.0,22.804
3,3,40,F3,G3,F3G3,10,10,13,FB0810,1598,C14R1,0,-999.0,-999.0,-999.0,-999.0,-999.0,-999.0,1,-999.0,3,106,12,14,1,1600.0,1598,156.0,-999.0,32.542
3,3,28,F3,G3,F3G3,10,10,1,FB0816,1700,C14R2,0,-999.0,-999.0,-999.0,-999.0,-999.0,-999.0,1,-999.0,3,107,13,14,2,1600.0,1700,144.0,-999.0,5.346
3,3,39,F3,G3,F3G3,10,10,12,FB0806,1565,C14R5,uncoated ,-999.0,-999.0,-999.0,-999.0,-999.0,-999.0,1,-999.0,2,108,14,14,5,1600.0,1565,155.0,-999.0,40.744
3,3,14,F3,G3,F3G3,8,8,15,FB0814,1626,C14R4,0,-999.0,-999.0,-999.0,-999.0,-999.0,-999.0,1,-999.0,3,109,15,14,4,1600.0,1626,126.0,-999.0,26.776
3,3,3,F3,G3,F3G3,8,8,4,FB0739,1529,C14R3,0,-999.0,-999.0,-999.0,-999.0,-999.0,-999.0,1,-999.0,3,110,16,14,3,1600.0,1529,115.0,-999.0,52.182
3,3,38,F3,G3,F3G3,10,10,11,FB0736,1610,C15R3,0,-999.0,-999.0,-999.0,-999.0,-999.0,-999.0,1,-999.0,3,111,17,15,3,1600.0,1610,154.0,-999.0,29.83
3,3,13,F3,G3,F3G3,8,8,14,FB0801,1631,C15R2,0,-999.0,-999.0,-999.0,-999.0,-999.0,-999.0,1,-999.0,3,112,18,15,2,1600.0,1631,125.0,-999.0,25.736
3,3,0,F3,G3,F3G3,8,8,1,FB0738,1700,C15R1,0,-999.0,-999.0,-999.0,-999.0,-999.0,-999.0,1,-999.0,3,113,19,15,1,1600.0,1700,112.0,-999.0,1.511
3,3,36,F3,G3,F3G3,10,10,9,FB0743,1625,C15R4,0,-999.0,-999.0,-999.0,-999.0,-999.0,-999.0,1,-999.0,3,114,20,15,4,1600.0,1625,152.0,-999.0,26.8262
3,3,25,F3,G3,F3G3,9,9,13,FB0662,1700,C15R5,0,-999.0,-999.0,-999.0,-999.0,-999.0,-999.0,1,-999.0,3,115,21,15,5,1600.0,1700,140.0,-999.0,9.342
3,3,26,F3,G3,F3G3,9,9,14,FB0664,1729,C16R3,0,-999.0,-999.0,-999.0,-999.0,-999.0,-999.0,1,-999.0,3,116,22,16,3,1600.0,1729,141.0,-999.0,13.124
3,3,1,F3,B4,F3B4,8,8,2,FB0714,1568,C16R2,0,-999.0,-999.0,-999.0,-999.0,-999.0,-999.0,1,-999.0,3,117,1,16,2,1600.0,1568,113.0,-999.0,39.908
3,3,24,F3,B4,F3B4,9,9,12,FB07122,1696,C16R5,0,-999.0,-999.0,-999.0,-999.0,-999.0,-999.0,1,-999.0,3,118,2,16,5,1600.0,1696,139.0,-999.0,16.498
3,3,37,F3,B4,F3B4,10,10,10,FB0761,1660,C16R4,0,-999.0,-999.0,-999.0,-999.0,-999.0,-999.0,1,-999.0,3,119,3,16,4,1600.0,1660,153.0,-999.0,21.114
3,3,12,F3,B4,F3B4,8,8,13,FB0666,1532,C16R1,0,-999.0,-999.0,-999.0,-999.0,-999.0,-999.0,1,-999.0,3,120,4,16,1,1600.0,1532,124.0,-999.0,51.19
3,3,46,F3,B4,F3B4,11,11,4,FB0620,1610,C19R1,0,-999.0,-999.0,-999.0,-999.0,-999.0,-999.0,1,-999.0,3,121,5,19,1,1600.0,1610,163.0,-999.0,29.906
3,3,21,F3,B4,F3B4,9,9,9,FB0719,1697,C19R5,0,-999.0,-999.0,-999.0,-999.0,-999.0,-999.0,1,-999.0,3,122,6,19,5,1600.0,1697,136.0,-999.0,16.296
3,3,9,F3,B4,F3B4,8,8,10,FB0717,1621,C19R4,0,-999.0,-999.0,-999.0,-999.0,-999.0,-999.0,1,-999.0,3,123,7,19,4,1600.0,1621,121.0,-999.0,27.702
3,3,34,F3,B4,F3B4,10,10,7,FB0749,1691,C19R2,0,-999.0,-999.0,-999.0,-999.0,-999.0,-999.0,1,-999.0,3,124,8,19,2,1600.0,1691,150.0,-999.0,17.048
3,3,22,F3,B4,F3B4,9,9,10,FB0720,1619,C19R3,0,-999.0,-999.0,-999.0,-999.0,-999.0,-999.0,1,-999.0,3,125,9,19,3,1600.0,1619,137.0,-999.0,28.062
3,3,11,F1,G3,F1G3,8,8,12,FB0735,1631,C20R1,0,-999.0,-999.0,-999.0,-999.0,-999.0,-999.0,1,-999.0,3,126,7,20,1,1600.0,1631,123.0,-999.0,25.832
3,3,23,F1,G3,F1G3,9,9,11,FB0669,1624,C20R2,0,-999.0,-999.0,-999.0,-999.0,-999.0,-999.0,1,-999.0,3,127,8,20,2,1600.0,1624,138.0,-999.0,27.09
3,3,47,F1,G3,F1G3,11,11,5,FB0734,1663,C20R5,0,-999.0,-999.0,-999.0,-999.0,-999.0,-999.0,1,-999.0,3,128,9,20,5,1600.0,1663,164.0,-999.0,20.61
3,3,10,F1,G3,F1G3,8,8,11,FB0762,1676,C20R4,uncoated ,-999.0,-999.0,-999.0,-999.0,-999.0,-999.0,1,-999.0,2,129,10,20,4,1600.0,1676,122.0,-999.0,18.836
3,3,35,F1,G3,F1G3,10,10,8,FB0737,1637,C20R3,0,-999.0,-999.0,-999.0,-999.0,-999.0,-999.0,1,-999.0,3,130,11,20,3,1600.0,1637,151.0,-999.0,24.812
3,3,31,F1,G3,F1G3,10,10,4,FB0741,1700,C21R3,0,-999.0,-999.0,-999.0,-999.0,-999.0,-999.0,1,-999.0,3,131,12,21,3,1600.0,1700,147.0,-999.0,-17.426
3,3,32,F1,G3,F1G3,10,10,5,FB0811,1670,C21R4,0,-999.0,-999.0,-999.0,-999.0,-999.0,-999.0,1,-999.0,3,132,13,21,4,1600.0,1670,148.0,-999.0,19.728
3,3,19,F1,G3,F1G3,9,9,5,FB0817,1633,C21R5,0,-999.0,-999.0,-999.0,-999.0,-999.0,-999.0,1,-999.0,3,133,14,21,5,1600.0,1633,132.0,-999.0,25.39
3,3,20,F1,G3,F1G3,9,9,8,FB0701,1700,C21R2,0,-999.0,-999.0,-999.0,-999.0,-999.0,-999.0,1,-999.0,3,134,15,21,2,1600.0,1700,135.0,-999.0,6.38
3,3,45,F1,G3,F1G3,11,11,0,FB0757,-999,C21R1,uncoated ,-999.0,-999.0,-999.0,-999.0,-999.0,-999.0,1,-999.0,2,135,16,21,1,1600.0,-999,159.0,-999.0,-999.0
3,3,8,F1,G3,F1G3,8,8,9,FB0616,1607,C22R2,0,-999.0,-999.0,-999.0,-999.0,-999.0,-999.0,1,-999.0,3,136,17,22,2,1600.0,1607,120.0,-999.0,30.482
3,3,44,F1,G3,F1G3,11,11,2,FB0617,1655,C22R4,0,-999.0,-999.0,-999.0,-999.0,-999.0,-999.0,1,-999.0,3,137,18,22,4,1600.0,1655,161.0,-999.0,21.826
3,3,33,F1,G3,F1G3,10,10,6,FB0619,1441,C22R1,0,-999.0,-999.0,-999.0,-999.0,-999.0,-999.0,1,-999.0,3,138,19,22,1,1600.0,1441,149.0,-999.0,96.634
3,3,43,F1,G3,F1G3,11,11,1,FB0740,1700,C22R3,0,-999.0,-999.0,-999.0,-999.0,-999.0,-999.0,1,-999.0,3,139,20,22,3,1600.0,1700,160.0,-999.0,6.04
3,3,7,F1,G3,F1G3,8,8,8,FB0759,1700,C22R5,uncoated ,-999.0,-999.0,-999.0,-999.0,-999.0,-999.0,1,-999.0,2,140,21,22,5,1600.0,1700,119.0,-999.0,-3.36
2,2,22,F1,G3,F1G3,6,6,14,FB0825,1682,C18R2,0,-999.0,-999.0,-999.0,-999.0,-999.0,-999.0,1,-999.0,3,141,22,18,2,1600.0,1682,93.0,-999.0,18.082
2,2,35,F1,B4,F1B4,7,7,7,FB0672,1639,C18R1,0,-999.0,-999.0,-999.0,-999.0,-999.0,-999.0,1,-999.0,3,142,1,18,1,1600.0,1639,102.0,-999.0,24.392
2,2,9,F1,B4,F1B4,6,6,6,FB0730,1578,C18R4,0,-999.0,-999.0,-999.0,-999.0,-999.0,-999.0,1,-999.0,3,143,2,18,4,1600.0,1578,85.0,-999.0,37.254
2,2,47,F1,B4,F1B4,7,7,14,FB0732,1679,C17R3,0,-999.0,-999.0,-999.0,-999.0,-999.0,-999.0,1,-999.0,3,144,3,17,3,1600.0,1679,109.0,-999.0,18.508
2,2,10,F1,B4,F1B4,6,6,7,FB0820,1591,C18R3,0,-999.0,-999.0,-999.0,-999.0,-999.0,-999.0,1,-999.0,3,145,4,18,3,1600.0,1591,86.0,-999.0,34.034
2,2,23,F1,B4,F1B4,6,6,15,FB0821,1623,C17R2,0,-999.0,-999.0,-999.0,-999.0,-999.0,-999.0,1,-999.0,3,146,5,17,2,1600.0,1623,94.0,-999.0,27.36
2,2,21,F1,B4,F1B4,6,6,13,FB0818,1617,C17R5,0,-999.0,-999.0,-999.0,-999.0,-999.0,-999.0,1,-999.0,3,147,6,17,5,1600.0,1617,92.0,-999.0,28.448
2,2,34,F1,B4,F1B4,7,7,6,FB0748,1744,C18R5,uncoated ,-999.0,-999.0,-999.0,-999.0,-999.0,-999.0,1,-999.0,2,148,7,18,5,1600.0,1744,101.0,-999.0,11.76
2,2,46,F1,B4,F1B4,7,7,13,FB0726,1586,C17R4,0,-999.0,-999.0,-999.0,-999.0,-999.0,-999.0,1,-999.0,3,149,8,17,4,1600.0,1586,108.0,-999.0,35.302
2,2,11,F1,B4,F1B4,6,6,8,FB0763,1760,C17R1,uncoated ,-999.0,-999.0,-999.0,-999.0,-999.0,-999.0,1,-999.0,2,150,9,17,1,1600.0,1760,87.0,-999.0,10.572
2,2,19,F3,K5,F3K5,6,6,11,FB0618,1655,C6R4,0,-999.0,-999.0,-999.0,-999.0,-999.0,-999.0,1,-999.0,3,151,2,6,4,1600.0,1655,90.0,-999.0,21.782
2,2,43,F3,K5,F3K5,7,7,10,FB0744,1584,C6R5,0,-999.0,-999.0,-999.0,-999.0,-999.0,-999.0,1,-999.0,3,152,3,6,5,1600.0,1584,105.0,-999.0,35.818
2,2,8,F3,K5,F3K5,6,6,5,FB0612,1700,C6R2,0,-999.0,-999.0,-999.0,-999.0,-999.0,-999.0,1,-999.0,3,153,4,6,2,1600.0,1700,84.0,-999.0,9.028
2,2,20,F3,K5,F3K5,6,6,12,FB0755,1663,C7R2,uncoated ,-999.0,-999.0,-999.0,-999.0,-999.0,-999.0,1,-999.0,2,154,5,7,2,1600.0,1663,91.0,-999.0,20.666
2,2,7,F3,K5,F3K5,6,6,4,FB0472,1673,C7R3,0,-999.0,-999.0,-999.0,-999.0,-999.0,-999.0,1,-999.0,3,155,6,7,3,1600.0,1673,83.0,-999.0,19.264
2,2,32,F3,K5,F3K5,7,7,4,FB0469,1499,C6R3,0,-999.0,-999.0,-999.0,-999.0,-999.0,-999.0,1,-999.0,3,156,7,6,3,1600.0,1499,99.0,-999.0,64.272
2,2,44,F3,K5,F3K5,7,7,11,FB0613,1648,C7R4,0,-999.0,-999.0,-999.0,-999.0,-999.0,-999.0,1,-999.0,3,157,8,7,4,1600.0,1648,106.0,-999.0,23.012
2,2,45,F3,K5,F3K5,7,7,12,FB0620,1593,C6R1,0,-999.0,-999.0,-999.0,-999.0,-999.0,-999.0,1,-999.0,3,158,9,6,1,1600.0,1593,107.0,-999.0,33.488
2,2,31,F3,K5,F3K5,7,7,3,FB0614,1700,C7R5,0,-999.0,-999.0,-999.0,-999.0,-999.0,-999.0,1,-999.0,3,159,10,7,5,1600.0,1700,98.0,-999.0,-5.128
2,2,33,F3,K5,F3K5,7,7,5,FB0482,1720,C7R1,0,-999.0,-999.0,-999.0,-999.0,-999.0,-999.0,1,-999.0,3,160,11,7,1,1600.0,1720,100.0,-999.0,13.974
1,1,37,F1,B4,F1B4,4,4,6,FB0694,1758,C410R6,0,-999.0,-999.0,-999.0,-999.0,-999.0,-999.0,1,-999.0,3,161,12,410,6,1600.0,1758,53.0,-999.0,10.698
1,1,25,F1,B4,F1B4,4,4,4,FB0628,1635,C308R6,0,-999.0,-999.0,-999.0,-999.0,-999.0,-999.0,1,-999.0,3,162,13,308,6,1600.0,1635,51.0,-999.0,25.172
1,1,36,F1,B4,F1B4,4,4,5,FB0690,1765,C206R6,0,-999.0,-999.0,-999.0,-999.0,-999.0,-999.0,1,-999.0,3,163,14,206,6,1600.0,1765,52.0,-999.0,10.198
1,1,24,F1,B4,F1B4,4,4,3,FB0691,1562,C309R6,0,-999.0,-999.0,-999.0,-999.0,-999.0,-999.0,1,-999.0,3,164,15,309,6,1600.0,1562,50.0,-999.0,41.778
1,1,0,F1,B4,F1B4,4,4,2,FB0850,1700,C412R6,0,-999.0,-999.0,-999.0,-999.0,-999.0,-999.0,1,-999.0,3,165,16,412,6,1600.0,1700,49.0,-999.0,5.526
2,2,1,F1,B4,F1B4,4,4,8,FB0685,1591,C314R6,0,-999.0,-999.0,-999.0,-999.0,-999.0,-999.0,1,-999.0,3,177,28,314,6,1600.0,1591,55.0,-999.0,34.044
2,2,13,F1,K5,F1K5,4,4,10,FB0756,1585,C418R6,0,-999.0,-999.0,-999.0,-999.0,-999.0,-999.0,1,-999.0,3,178,33,418,6,1600.0,1585,57.0,-999.0,35.548
2,2,25,F1,K5,F1K5,4,4,12,FB0700,1700,C315R6,0,-999.0,-999.0,-999.0,-999.0,-999.0,-999.0,1,-999.0,3,180,1,315,6,1600.0,1700,59.0,-999.0,-15.664
2,2,38,F1,K5,F1K5,4,4,15,FB0781,1749,C210R6,0,-999.0,-999.0,-999.0,-999.0,-999.0,-999.0,1,-999.0,3,181,2,210,6,1600.0,1749,62.0,-999.0,11.42
2,2,37,F1,K5,F1K5,4,4,14,FB0683,1579,C301R6,0,-999.0,-999.0,-999.0,-999.0,-999.0,-999.0,1,-999.0,3,184,5,301,6,1600.0,1579,61.0,-999.0,37.038
2,2,0,F1,K5,F1K5,4,4,7,FB0588,1739,C404R6,0,-999.0,-999.0,-999.0,-999.0,-999.0,-999.0,1,-999.0,3,186,7,404,6,1600.0,1739,54.0,-999.0,12.234
2,2,12,F1,K5,F1K5,4,4,9,FB0645,1711,C303R6,0,-999.0,-999.0,-999.0,-999.0,-999.0,-999.0,1,-999.0,3,187,8,303,6,1600.0,1711,56.0,-999.0,14.79
2,2,36,F1,K5,F1K5,4,4,13,FB0597,1722,C302R6,0,-999.0,-999.0,-999.0,-999.0,-999.0,-999.0,1,-999.0,3,188,9,302,6,1600.0,1722,60.0,-999.0,13.71
2,2,24,F1,K5,F1K5,4,4,11,FB0526,1660,C402R6,0,-999.0,-999.0,-999.0,-999.0,-999.0,-999.0,1,-999.0,3,189,10,402,6,1600.0,1660,58.0,-999.0,21.17
1,1,12,F1,K5,F1K5,4,4,1,FB0636,1700,C203R6,0,-999.0,-999.0,-999.0,-999.0,-999.0,-999.0,0,-999.0,3,190,11,203,6,1600.0,1700,48.0,-999.0,6.052
